timestamp_ms	memory_used_mib
2	119
558	130
1123	202
1685	202
2247	202
2807	202
3368	202
3928	202
4485	3316
5062	4256
5624	4268
6462	4272
7020	4276
7661	4280
8249	4284
8828	4288
9395	4292
10007	4294
10577	4298
11188	4300
11768	4302
12376	4306
12944	4308
13531	4310
14092	4312
14653	4314
15225	4316
15791	4318
16398	4320
16972	4322
17558	4324
18184	4324
18740	4324
19300	4324
19867	4324
20472	4324
21109	4324
21669	4324
22266	4324
22838	4324
23410	4324
23982	4324
24610	4324
25199	4324
25796	4324
26362	4324
26947	4324
27538	4324
28128	4324
28700	4324
29290	4324
29866	4324
32391	210
